id;street_address;postal_code;city;state_province;weather_type
1;Secured Program;the program Ghana;West Hopefort;Soft Colombia;STORMY
2;Berkshire;Uruguayo Liaison Forward;Lubbock;cross-platform;STORMY
3;bricks-and-clicks neural;e-commerce Reverse-engineered Directives;South Douglasfort;Outdoors;SUNNY
4;leading-edge;COM Diverse payment;Apple Valley;Licensed Forward parsing;CLOUDY
5;Orchestrator analyzer;JSON open-source e-services;Madison;Exclusive cutting-edge;STORMY
6;Designer Austria;Generic;Carson;Tactics infomediaries Guadeloupe;SUNNY
7;alarm Bedfordshire Technician;pixel auxiliary Korea;Gardena;online;SUNNY
8;auxiliary connect Toys;interface teal full-range;Reichelton;blue drive copying;SUNNY
9;withdrawal payment;IB;South Kenton;Highway;CLOUDY
10;generation Division;viral Haven;Zechariahshire;turn-key Plastic;WINDY
